{"data_time": 0.018074069997965125, "eta_seconds": 379905.86406211014, "fast_rcnn/cls_accuracy": 1.0, "iteration": 19, "loss_box_reg": 0.0, "loss_cls": 0.0, "loss_rpn_cls": 0.2789306491613388, "loss_rpn_loc": 0.20437216013669968, "lr": 0.00039962, "roi_head/num_bg_samples": 13.375, "roi_head/num_fg_samples": 0.0, "rpn/num_neg_anchors": 94.125, "rpn/num_pos_anchors": 5.875, "time": 1.4071577779996005, "total_loss": 0.5014154389500618}
{"data_time": 0.018746640000244952, "eta_seconds": 421136.86114727793, "fast_rcnn/cls_accuracy": 1.0, "iteration": 39, "loss_box_reg": 0.0, "loss_cls": 0.0, "loss_rpn_cls": 0.23419500887393951, "loss_rpn_loc": 0.17585887759923935, "lr": 0.0007992199999999999, "roi_head/num_bg_samples": 19.21875, "roi_head/num_fg_samples": 0.0, "rpn/num_neg_anchors": 94.625, "rpn/num_pos_anchors": 5.375, "time": 1.8777818559992738, "total_loss": 0.4067435637116432}
